SQLite version 3.7.9 2011-11-01 00:52:41
Enter ".help" for instructions
Enter SQL statements terminated with a ";"
sqlite> .dump
PRAGMA foreign_keys=OFF;
BEGIN TRANSACTION;
CREATE TABLE "schema_migrations" ("version" varchar(255) NOT NULL);
INSERT INTO "schema_migrations" VALUES('20140301133925');
INSERT INTO "schema_migrations" VALUES('20140305133046');
INSERT INTO "schema_migrations" VALUES('20140305134613');
INSERT INTO "schema_migrations" VALUES('20140311133023');
INSERT INTO "schema_migrations" VALUES('20140311133105');
INSERT INTO "schema_migrations" VALUES('20140311133824');
INSERT INTO "schema_migrations" VALUES('20140311133857');
INSERT INTO "schema_migrations" VALUES('20140311170556');
INSERT INTO "schema_migrations" VALUES('20140311172020');
INSERT INTO "schema_migrations" VALUES('20140317090152');
INSERT INTO "schema_migrations" VALUES('20140317100132');
INSERT INTO "schema_migrations" VALUES('20140318102305');
INSERT INTO "schema_migrations" VALUES('20140322112008');
INSERT INTO "schema_migrations" VALUES('20140322112142');
INSERT INTO "schema_migrations" VALUES('20140324091445');
INSERT INTO "schema_migrations" VALUES('20140325120204');
INSERT INTO "schema_migrations" VALUES('20140326193418');
INSERT INTO "schema_migrations" VALUES('20140327064028');
CREATE TABLE "bnfs" ("id" INTEGER PRIMARY KEY AUTOINCREMENT NOT NULL, "component_id" integer, "component_type" varchar(255), "bnf_json" text);
INSERT INTO "bnfs" VALUES(1,1,'VAnswer','{"\u003Cчисло\u003E":"Единственное|Множественное","\u003Cрод\u003E":"Мужской|Женский","\u003Cодушевленность\u003E":"Одушевленное|Неодушевленноe","\u003Cвид\u003E":"Совершенный|Несовершенный","\u003Cвремя\u003E":"Настоящее|Будущее","\u003Cпредлог\u003E":"по|в|на","\u003Cсемантический признак\u003E":"Одушевленный предмет|Неодушевленный предмет|Пункт назначения|Результат|Время","\u003Cкодификатор части речи\u003E":"Числительное|Существительное|Прилагательное|Наречие|Предлог|Союз","\u003Cпадеж\u003E":"Именительный|Родительный|Творительный|Предложный|Винительный|Дательный","\u003Cимя семантической валентности\u003E":"A|O|D|T|F","\u003Cлицо\u003E":"Первое|Второе|Третье"}');
CREATE TABLE "etalons" ("id" INTEGER PRIMARY KEY AUTOINCREMENT NOT NULL, "name" varchar(255), "etalonjson" text, "nodejson" text, "created_at" datetime, "updated_at" datetime);
INSERT INTO "etalons" VALUES(1,'Доставка посылки на автомобиле','[{"node":"Доставить","x":445,"y":249,"predicat":"true","connect":[{"to":"Курьер","deepCase":"A"},{"to":"Получатель","deepCase":"D"},{"to":"автомобиль","deepCase":"I"}]},{"node":"Курьер","x":444,"y":149,"predicat":"false","connect":[{"to":"Люди","deepCase":"U"}]},{"node":"Люди","x":637,"y":150,"predicat":"false","connect":[]},{"node":"Получатель","x":663,"y":256,"predicat":"false","connect":[{"to":"Люди","deepCase":"U"}]},{"node":"Посылка","x":200,"y":150,"predicat":"false","connect":[]},{"node":"автомобиль","x":463,"y":371,"predicat":"false","connect":[{"to":"Транспорт","deepCase":"E"}]},{"node":"Транспорт","x":468,"y":448,"predicat":"false","connect":[{"to":"Средство передвижения","deepCase":"U"}]},{"node":"Средство передвижения","x":450,"y":530,"predicat":"false","connect":[]},{"node":"Клиент","x":884,"y":175,"predicat":"false","connect":[]},{"node":"Человек","x":901,"y":330,"predicat":"false","connect":[]},{"node":"Почта","x":96,"y":315,"predicat":"false","connect":[]},{"node":"Документы","x":281,"y":417,"predicat":"false","connect":[]},{"node":"Письмо","x":135,"y":470,"predicat":"false","connect":[]},{"node":"Росписка","x":767,"y":476,"predicat":"false","connect":[]}]',NULL,'2014-04-18 08:04:09.801048','2014-04-18 08:04:09.801048');
INSERT INTO "etalons" VALUES(2,'Покупка летней резины','[{"node":"Люди","x":472,"y":130,"predicat":"false","connect":[]},{"node":"Потребитель","x":164,"y":206,"predicat":"false","connect":[]},{"node":"Покупать","x":491,"y":372,"predicat":"true","connect":[{"to":"Покупатель","deepCase":"A"},{"to":"Резина","deepCase":"O"},{"to":"Автомагазин","deepCase":"K"},{"to":"Деньги","deepCase":"I"}]},{"node":"Деньги","x":504,"y":493,"predicat":"false","connect":[]},{"node":"Автомагазин","x":676,"y":333,"predicat":"false","connect":[{"to":"Магазин","deepCase":"E"}]},{"node":"Магазин","x":685,"y":413,"predicat":"false","connect":[]},{"node":"Резина","x":330,"y":349,"predicat":"false","connect":[{"to":"Летняя","deepCase":"H"}]},{"node":"Летняя","x":302,"y":450,"predicat":"false","connect":[]},{"node":"Оплата","x":473,"y":213,"predicat":"false","connect":[{"to":"Люди","deepCase":"U"}]},{"node":"Шипы","x":793,"y":145,"predicat":"false","connect":[]},{"node":"Колесо","x":160,"y":417,"predicat":"false","connect":[]},{"node":"Легковая","x":98,"y":303,"predicat":"false","connect":[]},{"node":"Машина","x":809,"y":227,"predicat":"false","connect":[]},{"node":"Автомобиль","x":860,"y":404,"predicat":"false","connect":[]},{"node":"Подвеска","x":885,"y":349,"predicat":"false","connect":[]},{"node":"Покупатель","x":487,"y":298,"predicat":"false","connect":[{"to":"Оплата","deepCase":"E"}]}]',NULL,'2014-04-18 08:04:09.808403','2014-04-18 08:04:09.808403');
CREATE TABLE "g_answers" ("id" INTEGER PRIMARY KEY AUTOINCREMENT NOT NULL, "answer" text, "task_id" integer);
INSERT INTO "g_answers" VALUES(1,'{"bnf":[{"left":"&lt;G&gt;","rules":[["&lt;Предложение типа вопрос&gt;"],["&lt;Предложение типа сообщение&gt;"],["&lt;Предложение типа команда&gt;"]]},{"left":"&lt;Предложение типа команда&gt;","rules":[["&lt;ИГ 1&gt;","&lt;Предикат&gt;","&lt;ИГ 2&gt;","&lt;ИГ 3&gt;","&lt;ИГ 4&gt;","&lt;ИГ 5&gt;","&lt;ИГ 6&gt;"]]},{"left":"&lt;Предложение типа вопрос&gt;","rules":[["&lt;Вопросительное слово&gt;","&lt;ИГ 2&gt;","&lt;Предикат&gt;","&lt;ИГ 7&gt;","&lt;ИГ 5&gt;","&lt;ИГ 8&gt;"]]},{"left":"&lt;Предложение типа сообщение&gt;","rules":[["&lt;ИГ 5&gt;","&lt;ИГ 9&gt;","&lt;ИГ 8&gt;","&lt;Предикат&gt;","&lt;ИГ 10&gt;","&lt;ИГ 11&gt;"]]},{"left":"&lt;ИГ 1&gt;","rules":[["&lt;Предлог&gt;","&lt;Существительное&gt;","&lt;Прилагательное&gt;","&lt;Существительное&gt;","&lt;Существительное&gt;"]]},{"left":"&lt;ИГ 2&gt;","rules":[["&lt;Существительное&gt;"]]},{"left":"&lt;ИГ 3&gt;","rules":[["&lt;Существительное&gt;","&lt;Существительное&gt;"]]},{"left":"&lt;ИГ 4&gt;","rules":[["&lt;Прилагательное&gt;","&lt;Существительное&gt;"]]},{"left":"&lt;ИГ 5&gt;","rules":[["&lt;Предлог&gt;","&lt;Прилагательное&gt;","&lt;Существительное&gt;","&lt;Существительное&gt;"]]},{"left":"&lt;ИГ 6&gt;","rules":[["&lt;Предлог&gt;","&lt;Числительное&gt;","&lt;Предлог&gt;","&lt;Числительное&gt;"]]},{"left":"&lt;ИГ 7&gt;","rules":[["&lt;Прилагательное&gt;","&lt;Существительное&gt;","&lt;Существительное&gt;"]]},{"left":"&lt;ИГ 8&gt;","rules":[["&lt;Предлог&gt;","&lt;Существительное&gt;","&lt;Числительное&gt;","&lt;Существительное&gt;"]]},{"left":"&lt;ИГ 9&gt;","rules":[["&lt;Предлог&gt;","&lt;Существительное&gt;","&lt;Существительное&gt;"]]},null,{"left":"&lt;ИГ 10&gt;","rules":[["&lt;Существительное&gt;","&lt;Прилагательное&gt;","&lt;Существительное&gt;","&lt;Существительное&gt;"]]},{"left":"&lt;ИГ 11&gt;","rules":[["&lt;Предлог&gt;","&lt;Существительное&gt;"]]},{"left":null,"rules":[]}], "groups":{"0":{"status":0,"type":"group","data":"По итогам научной конференции МИФИ-2008","sentence":"0","groupId":5,"groupName":"ИГ 1"},"1":{"status":0,"type":"group","data":"срочно","sentence":"0","groupId":3,"groupName":"Н"},"2":{"status":0,"type":"group","data":"произвести награждение","sentence":"0","groupId":1,"groupName":"П"},"3":{"status":0,"type":"group","data":"дипломами","sentence":"0","groupId":6,"groupName":"ИГ 2"},"4":{"status":0,"type":"group","data":"и","sentence":"0","groupId":2,"groupName":"С"},"5":{"status":0,"type":"group","data":"премиями МИФИ","sentence":"0","groupId":7,"groupName":"ИГ 3"},"6":{"status":0,"type":"group","data":"лучших студентов","sentence":"0","groupId":8,"groupName":"ИГ 4"},"7":{"status":0,"type":"group","data":"в актовом зале МИФИ","sentence":"0","groupId":9,"groupName":"ИГ 5"},"8":{"status":0,"type":"group","data":"с 10 до 12.","sentence":"0","groupId":10,"groupName":"ИГ 6"},"9":{"status":0,"type":"group","data":"Какими","sentence":"1","groupId":4,"groupName":"ВС"},"10":{"status":0,"type":"group","data":"дипломами","sentence":"1","groupId":6,"groupName":"ИГ 2"},"11":{"status":0,"type":"group","data":"будут награждены","sentence":"1","groupId":1,"groupName":"П"},"12":{"status":0,"type":"group","data":"лучшие студенты МИФИ","sentence":"1","groupId":11,"groupName":"ИГ 7"},"13":{"status":0,"type":"group","data":"в актовом зале","sentence":"1","groupId":9,"groupName":"ИГ 5"},"14":{"status":0,"type":"group","data":"в апреле 2008 года?","sentence":"1","groupId":12,"groupName":"ИГ 8"},"15":{"status":0,"type":"group","data":"На научную конференцию","sentence":"2","groupId":9,"groupName":"ИГ 5"},"16":{"status":0,"type":"group","data":"в город Н","sentence":"2","groupId":13,"groupName":"ИГ 9"},"17":{"status":0,"type":"group","data":"в сентябре 2008 года","sentence":"2","groupId":12,"groupName":"ИГ 8"},"18":{"status":0,"type":"group","data":"могут поехать","sentence":"2","groupId":1,"groupName":"П"},"19":{"status":0,"type":"group","data":"студенты старших курсов МИФИ","sentence":"2","groupId":14,"groupName":"ИГ 10"},"20":{"status":0,"type":"group","data":"с докладами.","sentence":"2","groupId":15,"groupName":"ИГ 11"}}}',1);
CREATE TABLE "g_results" ("id" INTEGER PRIMARY KEY AUTOINCREMENT NOT NULL, "result_id" integer, "answer" text, "mark" integer);
CREATE TABLE "groups" ("id" INTEGER PRIMARY KEY AUTOINCREMENT NOT NULL, "number" text);
INSERT INTO "groups" VALUES(1,'Test group');
INSERT INTO "groups" VALUES(2,'K8-221');
INSERT INTO "groups" VALUES(3,'К8-222');
INSERT INTO "groups" VALUES(4,'К8-223');
INSERT INTO "groups" VALUES(5,'К8-224');
CREATE TABLE "logs" ("id" INTEGER PRIMARY KEY AUTOINCREMENT NOT NULL, "mistakes" text, "data" text, "component_id" integer, "component_type" varchar(255));
CREATE TABLE "results" ("id" INTEGER PRIMARY KEY AUTOINCREMENT NOT NULL, "student_id" integer, "task_id" integer, "created_at" datetime, "updated_at" datetime, "results_mask" integer);
CREATE TABLE "s_answers" ("id" INTEGER PRIMARY KEY AUTOINCREMENT NOT NULL, "task_id" integer, "answer" text);
INSERT INTO "s_answers" VALUES(1,1,'[[{"num":"7","word":"наградить","param":"31","level":"0"},{"num":"16","word":"студент","param":"4","level":"1"},{"num":"15","word":"лучший","param":"8","level":"2"},{"num":"1","word":"итог","param":"17","level":"1"},{"num":"3","word":"конференция","param":"8","level":"2"},{"num":"4","word":"МИФИ-2008","param":"8","level":"3"},{"num":"2","word":"научная","param":"8","level":"3"},{"num":"10","word":"диплом","param":"13","level":"1"},{"num":"12","word":"премия","param":"13","level":"1"},{"num":"13","word":"МИФИ","param":"8","level":"2"},{"num":"21","word":"МИФИ","param":"11","level":"1"},{"num":"20","word":"зал","param":"14","level":"2"},{"num":"19","word":"актовый","param":"8","level":"3"}],[{"num":"1","word":"","param":"00","level":"0"},{"num":"5","word":"","param":"0","level":"1"},{"num":"6","word":"","param":"0","level":"1"},{"num":"4","word":"","param":"0","level":"1"},{"num":"9","word":"","param":"0","level":"1"},{"num":"8","word":"","param":"0","level":"1"},{"num":"12","word":"","param":"0","level":"1"},{"num":"13","word":"","param":"0","level":"1"},{"num":"11","word":"","param":"0","level":"1"},{"num":"3","word":"","param":"0","level":"1"}],[{"num":"11","word":"поехать","param":"31","level":"0"},{"num":"12","word":"студент","param":"1","level":"1"},{"num":"15","word":"мифи","param":"8","level":"2"},{"num":"14","word":"курс","param":"8","level":"2"},{"num":"13","word":"старший","param":"8","level":"3"},{"num":"18","word":"доклад","param":"17","level":"1"},{"num":"4","word":"город","param":"6","level":"1"},{"num":"5","word":"Н","param":"8","level":"2"},{"num":"2","word":"конференция","param":"7","level":"1"},{"num":"1","word":"научная","param":"8","level":"2"},{"num":"8","word":"2008","param":"19","level":"1"},{"num":"9","word":"год","param":"8","level":"2"},{"num":"7","word":"сентябрь","param":"14","level":"3"}]]');
CREATE TABLE "s_results" ("id" INTEGER PRIMARY KEY AUTOINCREMENT NOT NULL, "result_id" integer, "mark" integer, "answer" text);
CREATE TABLE "semanticnetworks" ("id" INTEGER PRIMARY KEY AUTOINCREMENT NOT NULL, "etalon_id" integer, "student_id" integer, "json" text, "mistakes" text DEFAULT ' Вы еще не прошли тест :) ', "iscomplite" boolean DEFAULT 'f', "rating" integer, "created_at" datetime, "updated_at" datetime);
CREATE TABLE "students" ("id" INTEGER PRIMARY KEY AUTOINCREMENT NOT NULL, "fio" text, "group_id" integer);
INSERT INTO "students" VALUES(1,'Test Student',1);
INSERT INTO "students" VALUES(2,'Бородий Наташа',2);
INSERT INTO "students" VALUES(3,'Васин Артем',2);
INSERT INTO "students" VALUES(4,'Дьяков Владимир',2);
INSERT INTO "students" VALUES(5,'Карусев Константин',2);
INSERT INTO "students" VALUES(6,'Козлова Галина',2);
INSERT INTO "students" VALUES(7,'Кравченко Андрей',2);
INSERT INTO "students" VALUES(8,'Куликов Игорь',2);
INSERT INTO "students" VALUES(9,'Мазурина Наташа',2);
INSERT INTO "students" VALUES(10,'Путятина Ира',2);
INSERT INTO "students" VALUES(11,'Пильщиков Александр',2);
INSERT INTO "students" VALUES(12,'Пшиченко Елена',2);
INSERT INTO "students" VALUES(13,'Резчиков Егор',2);
INSERT INTO "students" VALUES(14,'Смирнов Иван',2);
INSERT INTO "students" VALUES(15,'Ерилин Никита',2);
INSERT INTO "students" VALUES(16,'Тарасенко Егор',2);
INSERT INTO "students" VALUES(17,'Благидзе Дмитрий',4);
INSERT INTO "students" VALUES(18,'Бушмелев Игорь',4);
INSERT INTO "students" VALUES(19,'Дьяченко Анастасия',4);
INSERT INTO "students" VALUES(20,'Закиров Хасан',4);
INSERT INTO "students" VALUES(21,'Ибрагимова Юлия',4);
INSERT INTO "students" VALUES(22,'Костяев Дмитрий',4);
INSERT INTO "students" VALUES(23,'Лещук Виталий',4);
INSERT INTO "students" VALUES(24,'Лисина Екатерина',4);
INSERT INTO "students" VALUES(25,'Малов Игорь',4);
INSERT INTO "students" VALUES(26,'Помадчин Григория',4);
INSERT INTO "students" VALUES(27,'Пресняков Александр',4);
INSERT INTO "students" VALUES(28,'Скрипко Ольга',4);
INSERT INTO "students" VALUES(29,'Сурган Павел',4);
INSERT INTO "students" VALUES(30,'Федоров Дмитрий',4);
INSERT INTO "students" VALUES(31,'Навоенок Илья',4);
INSERT INTO "students" VALUES(32,'Евменков Андрей',4);
INSERT INTO "students" VALUES(33,'Будников Виталий',5);
INSERT INTO "students" VALUES(34,'Васильев Андрей',5);
INSERT INTO "students" VALUES(35,'Детенков Александр',5);
INSERT INTO "students" VALUES(36,'Елманова Татьяна',5);
INSERT INTO "students" VALUES(37,'Зимина Анастасия',5);
INSERT INTO "students" VALUES(38,'Игнатов Владимир',5);
INSERT INTO "students" VALUES(39,'Изоткина Кристина',5);
INSERT INTO "students" VALUES(40,'Ильин Арсений',5);
INSERT INTO "students" VALUES(41,'Качалин Максим',5);
INSERT INTO "students" VALUES(42,'Корпак Игорь',5);
INSERT INTO "students" VALUES(43,'Кулапин Артем',5);
INSERT INTO "students" VALUES(44,'Кулемзин Николай',5);
INSERT INTO "students" VALUES(45,'Минаев Василий',5);
INSERT INTO "students" VALUES(46,'Николаев Артем',5);
INSERT INTO "students" VALUES(47,'Песьяков Дмитрий',5);
INSERT INTO "students" VALUES(48,'Рославцев Руслан',5);
INSERT INTO "students" VALUES(49,'Слетов Сергей',5);
INSERT INTO "students" VALUES(50,'Минаков Андрей',5);
INSERT INTO "students" VALUES(51,'Алейников Артем',3);
INSERT INTO "students" VALUES(52,'Ермак Михаил',3);
INSERT INTO "students" VALUES(53,'Коростелева Анастасия',3);
INSERT INTO "students" VALUES(54,'Красненков Роман',3);
INSERT INTO "students" VALUES(55,'Мальцина Наталья',3);
INSERT INTO "students" VALUES(56,'Нимгиров Гаря',3);
INSERT INTO "students" VALUES(57,'Петров Василий',3);
INSERT INTO "students" VALUES(58,'Потапов Виктор',3);
INSERT INTO "students" VALUES(59,'Соколов Илья',3);
INSERT INTO "students" VALUES(60,'Сорокин Илья',3);
INSERT INTO "students" VALUES(61,'Цветков Петр',3);
INSERT INTO "students" VALUES(62,'Черешнев Антон',3);
INSERT INTO "students" VALUES(63,'Матвеев Денис',3);
CREATE TABLE "tasks" ("id" INTEGER PRIMARY KEY AUTOINCREMENT NOT NULL, "sentence1" text, "sentence2" text, "sentence3" text);
INSERT INTO "tasks" VALUES(1,'По итогам научной конференции МИФИ-2008 срочно произвести награждение   дипломами и премиями МИФИ  лучших студентов в  актовом зале МИФИ с 10 до 12.','Какими дипломами будут награждены лучшие студенты МИФИ в актовом зале в апреле 2008 года?','На научную конференцию в город Н в сентябре 2008 года могут поехать студенты старших курсов МИФИ  с докладами.');
CREATE TABLE "users" ("id" INTEGER PRIMARY KEY AUTOINCREMENT NOT NULL, "login" varchar(255), "pass" varchar(255), "role" varchar(255), "created_at" datetime, "updated_at" datetime, "student_id" integer);
INSERT INTO "users" VALUES(1,'student0','a9d05f29fcc6b5f9805e11dd2587d419','student','2014-04-18 08:04:09.770141','2014-04-18 08:04:09.770141',1);
INSERT INTO "users" VALUES(2,'admin','2f4ba03d53451b8039a2dddad1124845','admin','2014-04-18 08:04:09.780156','2014-04-18 08:04:09.780156',NULL);
INSERT INTO "users" VALUES(3,'iAppleJack','a7c97e8ff0260e4b6a431cb8d2802bcd','admin','2014-04-18 08:04:09.783811','2014-04-18 08:04:09.783811',NULL);
INSERT INTO "users" VALUES(4,'221Borodiy_Natasha82028','4c2a5e4649fd93cadcb7064d3c9e6245','student','2014-04-18 08:10:12.497744','2014-04-18 08:10:12.497744',2);
INSERT INTO "users" VALUES(5,'221Vasin_Artem44778','dd1a9637ad5af207dea1db71ea6d9013','student','2014-04-18 08:10:27.644423','2014-04-18 08:10:27.644423',3);
INSERT INTO "users" VALUES(6,'221Dyakov_Vladimir19536','f478a58729811c12a71a9bc82c8578e0','student','2014-04-18 08:10:45.160070','2014-04-18 08:10:45.160070',4);
INSERT INTO "users" VALUES(7,'221Karusev_Konstantin18071','e28d0beedcbb27316c7d19b57935a2de','student','2014-04-18 08:11:04.551238','2014-04-18 08:11:04.551238',5);
INSERT INTO "users" VALUES(8,'221Kozlova_Galina96967','488f275d35af9af1fae74e6c08f4d066','student','2014-04-18 08:11:18.636591','2014-04-18 08:11:18.636591',6);
INSERT INTO "users" VALUES(9,'221Kravchenko_Andrey52118','417e3ab2efcde93f4cd06ba5883029be','student','2014-04-18 08:11:28.877909','2014-04-18 08:11:28.877909',7);
INSERT INTO "users" VALUES(10,'221Kulikov_Igor1403','1bcd2dfe81841a8688add199143dac33','student','2014-04-18 08:11:37.995820','2014-04-18 08:11:37.995820',8);
INSERT INTO "users" VALUES(11,'221Mazurina_Natasha88881','9e06406cc310b4b31e3515ca033f019a','student','2014-04-18 08:11:48.846936','2014-04-18 08:11:48.846936',9);
INSERT INTO "users" VALUES(12,'221Putyatina_Ira84206','11f603ac67b48d31cd073b47f7e17b3d','student','2014-04-18 08:11:57.047118','2014-04-18 08:11:57.047118',10);
INSERT INTO "users" VALUES(13,'221Pilshchikov_Aleksandr66269','018810835a11cd48df558de36a1b59a4','student','2014-04-18 08:12:10.046709','2014-04-18 08:12:10.046709',11);
INSERT INTO "users" VALUES(14,'221Pshichenko_Elena17480','ca1b709e5e656f3450208afd711e4331','student','2014-04-18 08:12:20.640115','2014-04-18 08:12:20.640115',12);
INSERT INTO "users" VALUES(15,'221Rezchikov_Egor19757','d5cfb8ab872991b8f92fe6593b7d758b','student','2014-04-18 08:12:29.708250','2014-04-18 08:12:29.708250',13);
INSERT INTO "users" VALUES(16,'221Smirnov_Ivan2991','576a1dd630fee6229ee604316dc57b2e','student','2014-04-18 08:12:39.391525','2014-04-18 08:12:39.391525',14);
INSERT INTO "users" VALUES(17,'221Erilin_Nikita73998','72b8ac81196de0080d46088f8233103f','student','2014-04-18 08:12:46.503277','2014-04-18 08:12:46.503277',15);
INSERT INTO "users" VALUES(18,'221Tarasenko_Egor74627','5923be0a0bc6ab4c90d4466faf11adf1','student','2014-04-18 08:12:54.790531','2014-04-18 08:12:54.790531',16);
INSERT INTO "users" VALUES(19,'223Blagidze_Dmitriy17085','c66a5c9a43772ce04cc85a39cf29b2fa','student','2014-04-18 08:14:16.410389','2014-04-18 08:14:16.410389',17);
INSERT INTO "users" VALUES(20,'223Bushmelev_Igor49600','c4f71e1f6c6cd2bce311ba18f64f8cb3','student','2014-04-18 08:14:29.725437','2014-04-18 08:14:29.725437',18);
INSERT INTO "users" VALUES(21,'223Dyachenko_Anastasiya89100','44d568023c8fed4a02b9defed077c156','student','2014-04-18 08:14:42.020011','2014-04-18 08:14:42.020011',19);
INSERT INTO "users" VALUES(22,'223Zakirov_Khasan97378','00b68d032294f21227439fde3f80bee4','student','2014-04-18 08:14:50.920170','2014-04-18 08:14:50.920170',20);
INSERT INTO "users" VALUES(23,'223Ibragimova_Yuliya93583','de5c71b5bee37444d973aa67c66586ff','student','2014-04-18 08:15:00.137458','2014-04-18 08:15:00.137458',21);
INSERT INTO "users" VALUES(24,'223Kostyaev_Dmitriy47822','c45d89138c42acc9cd416d0f4e3c89ed','student','2014-04-18 08:15:07.508522','2014-04-18 08:15:07.508522',22);
INSERT INTO "users" VALUES(25,'223Leshchuk_Vitaliy59601','1dbfa1ed8a200d1c5e86be75e2513364','student','2014-04-18 08:15:15.805263','2014-04-18 08:15:15.805263',23);
INSERT INTO "users" VALUES(26,'223Lisina_Ekaterina8470','eb3a43ac0d3f16607455bb6b879d1af6','student','2014-04-18 08:15:34.343783','2014-04-18 08:15:34.343783',24);
INSERT INTO "users" VALUES(27,'223Malov_Igor85190','87663675c81232466705d91c0ffdface','student','2014-04-18 08:15:44.676385','2014-04-18 08:15:44.676385',25);
INSERT INTO "users" VALUES(28,'223Pomadchin_Grigoriya10181','09b39c5fbd7c8ea2be72a6d4397b9854','student','2014-04-18 08:16:09.060318','2014-04-18 08:16:09.060318',26);
INSERT INTO "users" VALUES(29,'223Presnyakov_Aleksandr30138','1da31ab3008c6ae78fe388ec201ba9e0','student','2014-04-18 08:16:18.882712','2014-04-18 08:16:18.882712',27);
INSERT INTO "users" VALUES(30,'223Skripko_Olga80111','5b94d5540ede79de09494bce12e4fc52','student','2014-04-18 08:16:24.721256','2014-04-18 08:16:24.721256',28);
INSERT INTO "users" VALUES(31,'223Surgan_Pavel91471','3ab8df5419db63f7b383cf9967bb80e1','student','2014-04-18 08:16:33.326996','2014-04-18 08:16:33.326996',29);
INSERT INTO "users" VALUES(32,'223Fedorov_Dmitriy95198','7eb71621d574b10a6d5efe85cccd92a7','student','2014-04-18 08:16:41.209534','2014-04-18 08:16:41.209534',30);
INSERT INTO "users" VALUES(33,'223Navoenok_Ilya24416','f0b9264b1d0ded796c7ade5e09a48de4','student','2014-04-18 08:16:50.831565','2014-04-18 08:16:50.831565',31);
INSERT INTO "users" VALUES(34,'223Evmenkov_Andrey7262','15bb1ac909e0f948ecebab6f43a05378','student','2014-04-18 08:16:59.227555','2014-04-18 08:16:59.227555',32);
INSERT INTO "users" VALUES(35,'224Budnikov_Vitaliy86353','0292475e204d2f2769bd687ecf01bce3','student','2014-04-18 08:17:43.570549','2014-04-18 08:17:43.570549',33);
INSERT INTO "users" VALUES(36,'224Vasilev_Andrey14391','6dadead856cdacd0f3aca7c8217a784d','student','2014-04-18 08:17:50.851408','2014-04-18 08:17:50.851408',34);
INSERT INTO "users" VALUES(37,'224Detenkov_Aleksandr54848','b3cf1c61badb737d4cb5d37a999ad52a','student','2014-04-18 08:17:59.136318','2014-04-18 08:17:59.136318',35);
INSERT INTO "users" VALUES(38,'224Elmanova_Tatyana69354','adcb863854091d71ecc4a0857758688d','student','2014-04-18 08:18:07.127990','2014-04-18 08:18:07.127990',36);
INSERT INTO "users" VALUES(39,'224Zimina_Anastasiya43497','d1f8fda70c9052650c8160f374964acb','student','2014-04-18 08:18:14.501282','2014-04-18 08:18:14.501282',37);
INSERT INTO "users" VALUES(40,'224Ignatov_Vladimir36184','022466a9dd0a87c03e35d412b00e81d9','student','2014-04-18 08:18:21.359195','2014-04-18 08:18:21.359195',38);
INSERT INTO "users" VALUES(41,'224Izotkina_Kristina70983','5e5a6fa8b489da19bd4aad06c1f04d34','student','2014-04-18 08:18:29.551811','2014-04-18 08:18:29.551811',39);
INSERT INTO "users" VALUES(42,'224Ilin_Arseniy17921','dea1141889343fae4e109044d95a1c1c','student','2014-04-18 08:18:38.663423','2014-04-18 08:18:38.663423',40);
INSERT INTO "users" VALUES(43,'224Kachalin_Maksim71265','993216aabd118203597cbd0bb7f52b4f','student','2014-04-18 08:18:47.165174','2014-04-18 08:18:47.165174',41);
INSERT INTO "users" VALUES(44,'224Korpak_Igor42652','2973742274b0ffe2bac41acfa5ef26e2','student','2014-04-18 08:18:54.027436','2014-04-18 08:18:54.027436',42);
INSERT INTO "users" VALUES(45,'224Kulapin_Artem59850','2c4a4ee3e6138e3907423476880259d9','student','2014-04-18 08:19:02.027897','2014-04-18 08:19:02.027897',43);
INSERT INTO "users" VALUES(46,'224Kulemzin_Nikolay29738','e20f7dd0be770cde5a3bf97bcac4c33a','student','2014-04-18 08:19:12.156121','2014-04-18 08:19:12.156121',44);
INSERT INTO "users" VALUES(47,'224Minaev_Vasiliy86383','e5107a724a3cf842e8d780fa5a4e0bf3','student','2014-04-18 08:19:20.137214','2014-04-18 08:19:20.137214',45);
INSERT INTO "users" VALUES(48,'224Nikolaev_Artem93616','6302bc28eb5cbaad4b0745b4037fd946','student','2014-04-18 08:19:39.496541','2014-04-18 08:19:39.496541',46);
INSERT INTO "users" VALUES(49,'224Pesyakov_Dmitriy92268','e6ff6e9211f9ab027ccc91fb14324f76','student','2014-04-18 08:20:15.846587','2014-04-18 08:20:15.846587',47);
INSERT INTO "users" VALUES(50,'224Roslavtsev_Ruslan81745','6c70e138fcf6a14fabd540b2d4b6574c','student','2014-04-18 08:20:26.600001','2014-04-18 08:20:26.600001',48);
INSERT INTO "users" VALUES(51,'224Sletov_Sergey8471','b2e93562a9cce20aec33c838df483894','student','2014-04-18 08:20:32.336521','2014-04-18 08:20:32.336521',49);
INSERT INTO "users" VALUES(52,'224Minakov_Andrey66251','222f5f19b92dba439c283f1985160149','student','2014-04-18 08:20:39.801423','2014-04-18 08:20:39.801423',50);
INSERT INTO "users" VALUES(53,'222Aleynikov_Artem32786','f369d0d5ab32847de5becfb675009a1a','student','2014-04-18 08:29:37.053953','2014-04-18 08:29:37.053953',51);
INSERT INTO "users" VALUES(54,'222Ermak_Mikhail26570','6e5c8c2f19be03c343aed36717c8475c','student','2014-04-18 08:30:10.199997','2014-04-18 08:30:10.199997',52);
INSERT INTO "users" VALUES(55,'222Korosteleva_Anastasiya76289','016e3a99a892f14baba1df99b80ba4a0','student','2014-04-18 08:30:26.184388','2014-04-18 08:30:26.184388',53);
INSERT INTO "users" VALUES(56,'222Krasnenkov_Roman87957','8c90bc2509cba3fc55fb2764392101a4','student','2014-04-18 08:30:36.227121','2014-04-18 08:30:36.227121',54);
INSERT INTO "users" VALUES(57,'222Maltsina_Natalya21563','70cb4c30df93599e2aae8e24b6812424','student','2014-04-18 08:30:49.729530','2014-04-18 08:30:49.729530',55);
INSERT INTO "users" VALUES(58,'222Nimgirov_Garya87448','d76c0f57c17cb0736e2d49973ab9e14f','student','2014-04-18 08:31:06.024851','2014-04-18 08:31:06.024851',56);
INSERT INTO "users" VALUES(59,'222Petrov_Vasiliy86519','09f21ddc2535e03f7626d6f50ea39b06','student','2014-04-18 08:31:14.616323','2014-04-18 08:31:14.616323',57);
INSERT INTO "users" VALUES(60,'222Potapov_Viktor26579','a057e3fe3af1be36f4fcbc84876a0aa4','student','2014-04-18 08:31:24.960293','2014-04-18 08:31:24.960293',58);
INSERT INTO "users" VALUES(61,'222Sokolov_Ilya28260','d196de3f698b0fe839488a1c5f91a96f','student','2014-04-18 08:31:33.374743','2014-04-18 08:31:33.374743',59);
INSERT INTO "users" VALUES(62,'222Sorokin_Ilya63339','fbc419c3e2b4fe3d7d473b0d25635f55','student','2014-04-18 08:31:38.420733','2014-04-18 08:31:38.420733',60);
INSERT INTO "users" VALUES(63,'222Tsvetkov_Petr62782','85d6f2295e5469c63d87c994e0f26315','student','2014-04-18 08:31:49.124815','2014-04-18 08:31:49.124815',61);
INSERT INTO "users" VALUES(64,'222Chereshnev_Anton29448','afb6ff54b042ece99c3580a9fa370671','student','2014-04-18 08:32:14.929430','2014-04-18 08:32:14.929430',62);
INSERT INTO "users" VALUES(65,'222Matveev_Denis76854','eb35d0d5d0d04da35fe69a244309f101','student','2014-04-18 08:32:22.916169','2014-04-18 08:32:22.916169',63);
CREATE TABLE "v_answers" ("id" INTEGER PRIMARY KEY AUTOINCREMENT NOT NULL, "task_id" integer);
INSERT INTO "v_answers" VALUES(1,1);
CREATE TABLE "v_results" ("id" INTEGER PRIMARY KEY AUTOINCREMENT NOT NULL, "result_id" integer, "mark" integer);
DELETE FROM sqlite_sequence;
INSERT INTO "sqlite_sequence" VALUES('tasks',1);
INSERT INTO "sqlite_sequence" VALUES('v_answers',1);
INSERT INTO "sqlite_sequence" VALUES('g_answers',1);
INSERT INTO "sqlite_sequence" VALUES('bnfs',1);
INSERT INTO "sqlite_sequence" VALUES('s_answers',1);
INSERT INTO "sqlite_sequence" VALUES('groups',5);
INSERT INTO "sqlite_sequence" VALUES('students',63);
INSERT INTO "sqlite_sequence" VALUES('users',65);
INSERT INTO "sqlite_sequence" VALUES('etalons',2);
CREATE UNIQUE INDEX "unique_schema_migrations" ON "schema_migrations" ("version");
CREATE INDEX "index_bnfs_on_component_id_and_component_type" ON "bnfs" ("component_id", "component_type");
CREATE INDEX "index_g_answers_on_task_id" ON "g_answers" ("task_id");
CREATE INDEX "index_g_results_on_result_id" ON "g_results" ("result_id");
CREATE INDEX "index_logs_on_component_id_and_component_type" ON "logs" ("component_id", "component_type");
CREATE INDEX "index_results_on_student_id" ON "results" ("student_id");
CREATE INDEX "index_results_on_task_id" ON "results" ("task_id");
CREATE INDEX "index_s_answers_on_task_id" ON "s_answers" ("task_id");
CREATE INDEX "index_s_results_on_result_id" ON "s_results" ("result_id");
CREATE INDEX "index_semanticnetworks_on_etalon_id" ON "semanticnetworks" ("etalon_id");
CREATE INDEX "index_semanticnetworks_on_student_id" ON "semanticnetworks" ("student_id");
CREATE INDEX "index_students_on_group_id" ON "students" ("group_id");
CREATE INDEX "index_users_on_student_id" ON "users" ("student_id");
CREATE INDEX "index_v_answers_on_task_id" ON "v_answers" ("task_id");
CREATE INDEX "index_v_results_on_result_id" ON "v_results" ("result_id");
COMMIT;
sqlite> ^C^C^C